timestamp,open,high,low,close,volume,close_time,quote_asset_volume,number_of_trades,taker_buy_base_asset_volume,taker_buy_quote_asset_volume,ignore,sma_short,sma_medium,sma_long,ema_short,ema_medium,ema_long,rsi,rsi_overbought,rsi_oversold,macd,macd_signal,macd_hist,macd_cross_up,macd_cross_down,bb_upper,bb_middle,bb_lower,bb_width,bb_pct_b,atr,atr_pct,stoch_k,stoch_d,stoch_cross_up,stoch_cross_down,obv,volume_sma,volume_ratio,returns,volatility,tr_pct
2025-03-13 20:00:00,80336.12,81072.06,80194.06,80373.96,160.42744,1741899599999,12911198.12010750,3754,99.76146000,8029085.74462190,0,82309.4365,82536.9324,84434.4498,81323.44840370206,81961.34561863271,82176.49627139828,34.32787258798273,False,False,-637.8972149306501,-338.9633338908249,-298.93388103982517,False,False,84848.49435636499,82309.4365,79770.378643635,0.06169542556314283,0.11885931524796176,11152.725207508422,13.876042946631499,93.91669698598521,93.86621968754382,True,False,-369.6548400000003,175.29095750000002,0.9152065930155009,0.0004057685854459425,0.022486709113037916,1.09239360608834
2025-03-13 21:00:00,80356.9,80873.33,80294.35,80747.44,146.40951,1741903199999,11800307.95169080,3640,91.99287000,7412322.95326690,0,82149.90800000001,82490.24859999999,84390.821,81234.83172620944,81871.42668391918,82120.45484899051,38.78536877032272,False,False,-636.594957709749,-398.48965865460974,-238.10529905513926,False,False,84660.39275656432,82149.90800000001,79639.4232434357,0.061119599952913245,0.22067784989873143,10397.457416524156,12.876516477208632,93.88236503661027,93.84304058929109,False,False,-223.2453300000003,174.9379615,0.8369224652249078,0.00464677863327867,0.02216601755404931,0.7170258276918697
2025-03-13 22:00:00,80747.53,81400.0,80592.79,81399.91,132.48217,1741906799999,10733997.24473800,3180,94.22338000,7634605.12150750,0,82030.5405,82460.8132,84355.40184999998,81260.22838371567,81836.4995221474,82092.19818824579,45.717228827734615,False,False,-576.2711384317226,-434.04595461003237,-142.22518382169028,False,False,84443.3924221736,82030.5405,79617.68857782641,0.05882813662976148,0.36931844134224723,9712.439511330896,11.931757063774267,94.41066980490329,94.06991060916626,False,False,-90.76316000000031,173.998128,0.7613999732227004,0.008080380009570565,0.024321555260370175,0.9916595730879879
2025-03-13 23:00:00,81400.0,81469.27,80838.68,81113.37,123.07132,1741910399999,9994988.76931830,3029,73.62953000,5979690.13518170,0,81907.073,82422.42360000001,84319.29359999999,81237.63478622095,81782.9343723587,82053.81276909889,43.393280717743224,False,False,-545.2995861377422,-456.29668091557437,-89.00290522216778,False,False,84241.01079036243,81907.073,79573.13520963758,0.05698989610732216,0.32996483383630415,9063.735770285108,11.17415756525109,94.779697086301,94.35757730927152,False,False,-213.83448000000033,172.296929,0.714297815488052,-0.003520151312206732,0.024392592568952022,0.7774180754664873
2025-03-14 00:00:00,81113.37,81699.31,80704.37,81501.0,178.67479,1741913999999,14513924.40262140,4228,124.71865000,10132680.96736160,0,81818.33899999999,82389.774,84281.97565,81278.15251141773,81762.05034477657,82032.13383697737,47.29633134230587,False,False,-483.8978333588311,-461.8169114042258,-22.080921954605344,False,False,84070.92257235282,81818.33899999999,79565.75542764716,0.055063048208613206,0.4295611039930183,8487.393046535604,10.413851420885148,95.15578639827955,94.78205109649461,False,False,-35.159690000000325,174.3830915,1.024610749030103,0.004778866911829827,0.02504962487601933,1.2207702972969685
2025-03-14 01:00:00,81500.0,81945.77,80986.57,81594.33,154.7035,1741917599999,12610096.17575330,3623,99.00604000,8070284.66240780,0,81740.862,82363.4724,84241.5975,81326.79520196885,81749.62661553385,82014.9650590567,48.22203031913051,False,False,-422.8314135649998,-454.0198118363806,31.188398271380777,True,False,83910.82778967085,81740.862,79570.89621032914,0.05309378287865015,0.46623633407091214,7949.664825603242,9.742913295082198,95.25281819937685,95.06276722798579,False,False,119.54380999999967,174.826209,0.8848987853989329,0.0011451393234438445,0.02513825682380984,1.175571881036338
2025-03-14 02:00:00,81594.33,82238.01,81444.47,82147.7,181.12805,1741921199999,14823871.07430780,4409,132.95760000,10880890.40574050,0,81683.9335,82351.3064,84203.64725,81453.08824781979,81779.11353290171,82020.1703508584,53.44345165775802,False,False,-326.02528508192336,-428.4209064854892,102.39562140356583,False,False,83745.78566886393,81683.9335,79622.08133113607,0.05048366503711358,0.6124635672244948,7438.512923316107,9.05504709604299,95.76903516691596,95.39254658819078,False,False,300.6718599999997,175.329814,1.0330704508703807,0.006781966344965307,0.026187426290285074,0.965991744138903
2025-03-14 03:00:00,82147.7,82308.17,81561.79,81862.24,133.10442,1741924799999,10910313.94727440,3139,88.59748000,7261253.70231790,0,81620.03099999999,82322.0732,84163.91205,81516.03467123213,81785.27104898306,82013.97700376592,50.60827829754426,False,False,-269.23637775093084,-396.5840007385775,127.34762298764667,False,False,83573.76179998086,81620.03099999999,79666.30020001912,0.047873806859516366,0.5619862777416389,6960.503316748691,8.502703220372043,95.94932406635213,95.65705914421498,False,False,167.5674399999997,174.79226899999998,0.7615006130505693,-0.0034749603458160694,0.026318563911760375,0.9117512543023555
2025-03-14 04:00:00,81861.92,82311.83,17589.1,81949.31,136.18761,1741928399999,10712032.40063050,2844,80.05034000,6558604.86371040,0,81568.3085,82313.25480000001,84122.00515000001,81582.69241411949,81797.42208239173,82011.44104283393,51.4542279164505,False,False,-214.72966827223718,-360.2131342453095,145.48346597307233,False,False,83427.36652643405,81568.3085,79709.25047356595,0.04558285100233636,0.6024716535424167,11086.37754928771,13.5283354421016,96.13030724048531,95.94955549125113,False,False,303.7550499999997,172.51851649999998,0.7894086545776668,0.0010636161434134372,0.02635090533264279,78.97898103107885
2025-03-14 05:00:00,81949.28,82207.55,81675.2,82129.69,120.43146,1741931999999,9874670.61861450,2568,83.25554000,6826759.95688120,0,81503.2375,82313.2426,84080.78345,81666.84588887033,81822.03452073308,82016.07825684045,53.240963985528275,False,False,-155.1886318627512,-319.20823376879787,164.01960190604666,False,False,83179.00113414203,81503.2375,79827.47386585797,0.041121400463190905,0.686915531294703,10332.51828626249,12.580734550760496,96.12487480853355,96.06816870512365,False,False,424.1865099999997,170.13327900000002,0.7078653906388296,0.0022011167635214157,0.02577294248094237,0.6481821616519018
2025-03-14 06:00:00,82129.69,82335.8,81539.36,82043.92,122.05737,1741935599999,10003828.10324020,2575,82.05051000,6724329.03881740,0,81446.75950000001,82318.3226,84038.69565,81724.85729058259,81838.47048216025,82017.17008990553,52.25609679356392,False,False,-113.61319157766411,-278.08922533057114,164.47603375290703,False,False,82961.99882465368,81446.75950000001,79931.52017534635,0.03720809358053506,0.6970515450212706,9651.369709410727,11.7636623279467,96.21922915385274,96.15813706762385,False,False,302.1291399999997,168.855051,0.7228529397086262,-0.0010443239223233425,0.025660248363658048,0.9707483503957421
2025-03-14 07:00:00,82044.0,85095.8,81875.82,82226.46,128.96539,1741939199999,10596260.59948650,2951,88.51459000,7272845.10189430,0,81409.35750000001,82322.4602,83996.79105,81802.02693818527,81867.21044644467,82025.37753736021,54.19798259842518,False,False,-65.18350825940433,-235.50808191633777,170.32457365693344,False,False,82804.04131342616,81409.35750000001,80014.67368657386,0.034263476736716626,0.7929346752769425,9191.9846501112,11.178864625950332,96.10828297918233,96.15079564718955,False,True,431.09452999999974,167.66209999999998,0.7691982266713827,0.0022249058796801613,0.025748864184359687,3.915990059647461
2025-03-14 08:00:00,82226.45,82755.43,81964.61,82585.52,140.63522,1741942799999,11593598.21991920,3348,94.95606000,7827337.59362860,0,81416.1195,82344.731,83959.3223,81922.5643323106,81920.41856152285,82047.34390844412,57.8311945055903,False,False,2.1457707877561916,-187.97731137551898,190.12308216327517,False,False,82832.0742153553,81416.1195,80000.1647846447,0.03478315409899386,0.9129371113773829,8591.901363712153,10.40364141766275,96.0848705931047,96.13746090871325,False,False,571.7297499999997,166.5445425,0.8444300719130439,0.004366720882791331,0.02539449217595096,0.9575770667787675
2025-03-14 09:00:00,82585.52,82930.36,82575.45,82784.9,131.35025,1741946399999,10873717.63287800,3295,92.65863000,7670891.64851900,0,81464.318,82351.7678,83917.97005,82055.23135810897,81984.45422363226,82076.26767674042,59.74091273806869,False,False,70.77713447670976,-136.22642220507325,207.003556681783,False,False,82993.23038388009,81464.318,79935.40561611991,0.037535756056537244,0.9318697441146397,8003.544749325488,9.66787995072228,96.2025892738548,96.13191428204728,True,False,703.0799999999997,164.15700650000002,0.800150129443302,0.002414224672799614,0.02413118964150064,0.4287134489502355
2025-03-14 10:00:00,82776.5,83270.6,17589.1,83037.73,121.39273,1741949999999,10015679.43147810,3501,71.50713000,5930403.36487780,0,81523.761,82358.7618,83874.02375,82206.38499532298,82062.47465151135,82113.97208157413,62.08574722523864,False,False,143.910343811629,-80.1990690017328,224.10941281336179,False,False,83193.7874108073,81523.761,79853.7345891927,0.04097029848285097,0.9532769632272264,12123.399270638718,14.599868361814226,96.60317667234017,96.29687884643322,False,False,824.4727299999997,159.7099495,0.7600824518449929,0.003054059375562579,0.02425279623915504,79.09838094080848
2025-03-14 11:00:00,83036.59,83338.04,82900.39,83285.63,140.34485,1741953599999,11672357.47471300,4569,102.48646000,8523156.38616800,0,81636.32800000001,82370.8968,83832.48785,82372.42268835021,82153.0787513994,82159.91945092416,64.28240824281635,False,False,219.34393695081235,-20.29046781122377,239.63440476203613,False,False,83456.00461893588,81636.32800000001,79816.65138106413,0.04458007025832604,0.95318546791146,11288.702786019549,13.554202310794247,96.94887569184489,96.58488054601328,False,False,964.8175799999997,156.0636545,0.899279530840411,0.0029853898944491863,0.021551875882763718,0.5254808062327129
2025-03-14 12:00:00,83285.63,83500.0,82862.58,83420.56,154.29744,1741957199999,12854072.98997140,3739,95.36732000,7944621.21434480,0,81768.063,82389.8048,83788.22145,82533.67458245017,82246.96625129574,82209.35633520165,65.45556308297388,False,False,286.70833115442656,41.109291981906296,245.59903917252026,False,False,83700.37875027527,81768.063,79835.74724972472,0.0472633367938598,0.9275949724481085,10527.896781201689,12.620266252350367,97.26275070968262,96.93826769128923,False,False,1119.1150199999997,154.116908,1.0011713964570326,0.001620087402832704,0.021037165744068765,0.7641041968550658
2025-03-14 13:00:00,83420.88,85000.0,81821.88,83626.34,185.73158,1741960799999,15510835.50586270,4612,107.53439000,8980703.15160430,0,81949.38,82402.8298,83742.45305,82701.77695438091,82349.1420845331,82264.92432205648,67.22368658685717,False,False,352.6348698478105,103.41440755508714,249.22046229272334,False,False,83864.52231015815,81949.38,80034.23768984186,0.04673964123116357,0.937816028371676,10002.912666753386,11.96143782778654,97.55339346563623,97.25500662238791,False,False,1304.8465999999999,153.06585049999998,1.2134096494632551,0.0024667779741589513,0.01732150017566544,3.800381554424115
2025-03-14 14:00:00,83620.66,85095.8,81972.48,83466.62,206.23491,1741964399999,17128292.56629770,4982,131.69075000,10938108.36634940,0,82081.89950000001,82390.802,84065.16215,82819.44511524538,82431.91822641954,82312.04964276015,64.46562780595384,False,False,387.52688882584334,160.23690380923838,227.28998501660496,False,False,84031.54614892305,82081.89950000001,80132.25285107698,0.04750491060268498,0.8551208883837709,9511.513139581573,11.395589206297768,97.64276237272249,97.48630218268045,False,False,1098.6116899999997,150.609372,1.369336497864157,-0.0019099245524795139,0.015599460389909687,3.7419988972837372
2025-03-14 15:00:00,83460.91,85180.78,17570.7,84710.04,218.93088,1741967999999,18427880.36785220,5486,147.47052000,12472628.74075070,0,82300.3335,82431.8088,84032.06155000001,83110.3058667461,82600.66798742549,82406.08848029896,73.56020488233116,True,False,509.6378793206095,230.1170989115126,279.5207804090969,False,False,84394.56303698223,82300.3335,80206.10396301775,0.05089237061189403,1.0753205313569305,13661.411172207538,16.1272632762392,98.23787356939731,97.81134313591868,False,False,1317.5425699999996,150.82804449999998,1.4515263439618489,0.014897212801955995,0.018628600287618754,79.81353804106338
2025-03-14 16:00:00,84710.04,85021.41,84060.0,84783.3,189.34521,1741971599999,16011266.66868570,4342,108.83091000,9203142.45778560,0,82520.8005,82494.0948,83999.80715,83367.6895795544,82762.34443280137,82499.3124614637,73.98270779262843,True,False,605.3451467530249,305.1627084798151,300.1824382732098,False,False,84684.6434048655,82520.8005,80356.95759513449,0.05244357523811245,1.0227966168229363,12754.268150196487,15.043373105548483,98.76749397326803,98.21604330512928,False,False,1506.8877799999996,152.273933,1.243451234690313,0.0008648325511357857,0.018575728126472502,1.1339615230829696
2025-03-14 17:00:00,84783.3,84819.88,17546.1,84345.72,217.9417,1741975199999,18318474.40841590,4826,134.06566000,11320013.18046190,0,82700.71449999999,82548.473,83967.7751,83518.15579808448,82879.63151185312,82571.72060022985,67.086908226892,False,False,638.5242862313607,371.83502403012426,266.6892622012365,False,False,84843.10677758521,82700.71449999999,80558.32222241476,0.05181073200002949,0.883917902713448,16648.51932005094,19.738428126585365,99.16039330573376,98.72192028279972,False,False,1288.9460799999995,155.85054250000002,1.3984019336987548,-0.0051611579167123445,0.020017162241607253,79.75956574915716
2025-03-14 18:00:00,84345.72,85401.4,84203.24,84584.14,185.08377,1741978799999,15635666.42684210,4298,130.60186000,11033574.93657370,0,82859.926,82599.61,83934.24139999998,83682.15336760995,83005.891399864,82650.63900806397,68.7936480145834,False,False,676.2619677459443,432.7204127732883,243.541554972656,False,False,85064.3513939505,82859.926,80655.5006060495,0.053208480875314795,0.8910801437716313,15544.922140648652,18.378057802146657,98.99100705868788,98.97296477922988,False,False,1474.0298499999994,158.4806225,1.1678637241597154,0.002826699446041747,0.019056687409291756,1.4165303329914911
2025-03-14 19:00:00,84584.3,84918.28,17546.1,84603.33,166.25364,1741982399999,14032289.12517810,3791,104.23488000,8823057.99082070,0,83034.424,82655.0902,83900.52745,83823.87284951612,83124.22018505927,82727.2151253948,68.93328835313731,False,False,699.6526644568512,486.10686311000086,213.54580134685034,False,False,85210.54280160386,83034.424,80858.30519839613,0.052414858724229005,0.8604826167679062,19246.869395715006,22.749541177297637,98.794928859742,98.98210974138789,False,True,1640.2834899999993,160.6397385,1.034947152880232,0.0002268746835991653,0.01828145528873832,79.63301208120293
2025-03-14 20:00:00,84603.33,84603.33,17546.1,84127.07,145.7828,1741985999999,12243012.56658910,3562,87.48383000,7359440.70927950,0,83165.72750000001,82686.95899999999,83870.46285,83870.51856497518,83198.50535653635,82782.11139498715,61.56971147955954,False,False,672.0132084388315,523.288132175767,148.72507626306447,False,False,85271.67807533477,83165.72750000001,81059.77692466525,0.050644673921352086,0.7282443166661648,22661.895380260004,26.93769720050871,98.58047934354431,98.78880508732475,False,False,1494.5006899999994,158.995139,0.916900987771708,-0.005629329247442083,0.019601080009002778,79.70945618336643
2025-03-14 21:00:00,84127.2,84569.45,83953.55,84205.33,117.16066,1741989599999,9860772.87753280,2973,80.94353000,6812807.82005940,0,83296.2775,82709.7216,83843.0386,83922.02801651745,83273.08495975588,82837.92388930138,62.28269727166459,False,False,648.9430567615636,548.4191170929264,100.52393966863724,False,False,85318.44249493805,83296.2775,81274.11250506194,0.0485535501856743,0.7247720888937289,21087.18132728991,25.042573109433704,98.39439218454567,98.58993346261066,False,False,1611.6613499999994,157.117997,0.74568580453581,0.0009302594277917908,0.019607459525473072,0.7314263835792748
2025-03-14 22:00:00,84205.79,84512.05,79800.47,84490.57,147.0848,1741993199999,12399957.52335750,2800,95.27174000,8032189.03052930,0,83413.421,82737.03319999999,83816.50295000001,84009.4960139763,83363.269036811,82902.73354070133,64.8429065192754,False,False,646.2269771652936,567.9806891073999,78.24628805789371,False,False,85427.29332186995,83413.421,81399.54867813006,0.04828652985878484,0.7674322965519079,19917.495451129755,23.573631295338345,98.33899980301221,98.43795711036739,False,False,1758.7461499999995,155.41583450000002,0.9463952014490518,0.003387434025850844,0.01894300943085604,5.576456638888815
2025-03-14 23:00:00,84490.57,84569.45,17522.9,83959.82,109.94665,1741996799999,9240389.46107860,2530,58.73646000,4944506.27520160,0,83518.3,82755.00020000001,83782.14194999999,84001.85355028765,83407.45799704723,82944.18791165421,57.0790763058325,False,False,594.3955532404216,573.2636619340043,21.131891306417288,False,False,85413.07206669242,83518.3,81623.52793330759,0.04537381787446378,0.6165100562123913,23283.856669569544,27.732142195599685,98.25708171827388,98.3301579019439,False,False,1648.7994999999994,154.257946,0.712745455589043,-0.00628176611898823,0.019890046867646075,79.85551898515264
2025-03-15 00:00:00,83959.84,84405.01,83951.24,84304.22,123.35649,1742000399999,10385927.79898150,3026,91.90039000,7737192.73882370,0,83636.04550000001,82767.3922,83756.72804999999,84048.371465628,83473.88481208077,82997.52250335405,60.39300579728578,False,False,574.4866535472393,573.5082602566513,0.9783932905879738,False,False,85415.34123115231,83636.04550000001,81856.7497688477,0.04254853802604299,0.6877637562720591,21653.136112549193,25.684522213181253,98.30584479796472,98.30064210641694,True,False,1772.1559899999993,153.61639,0.8030164619803916,0.004101962105206969,0.020087115357082082,0.5382530079751517
2025-03-15 01:00:00,84304.22,84569.45,83943.04,84353.76,103.79258,1742003999999,8750347.42782250,2878,63.65575000,5366548.73531820,0,83747.249,82780.9618,83736.27215,84095.35431706985,83539.06075192663,83050.70828753624,60.8611288649569,False,False,556.2935651432199,570.065321233965,-13.771756090745157,False,True,85410.26730040256,83747.249,82084.23069959744,0.03971517441492461,0.6823524731667664,20151.227035559717,23.88894939070851,98.23881395925564,98.26724682516476,False,True,1875.9485699999993,152.784446,0.6793399637028497,0.0005876336914094615,0.020086471949483615,0.7425987887202699
2025-03-15 02:00:00,84353.8,84619.5,84181.81,84569.6,126.41433,1742007599999,10663301.88164510,2846,80.23615000,6768214.10126530,0,83873.533,82802.966,83717.09395,84168.3151913668,83615.39699252465,83110.27266841716,62.9175730242738,False,False,552.9181988421478,566.6358967556016,-13.717697913453776,False,False,85375.8064670631,83873.533,82371.25953293689,0.03582234856049532,0.7316712021017048,18743.117187278815,22.162948846014185,98.5382607649452,98.36097317405519,True,False,2002.3628999999994,153.002294,0.826225063004611,0.0025587478258231044,0.019957796292459713,0.5175500416225243
2025-03-15 03:00:00,84567.51,84676.28,84430.62,84461.8,108.85891,1742011199999,9202790.40827060,2776,71.06774000,6008044.47463470,0,83985.3,82813.4418,83696.38795,84213.46670038729,83678.09351159689,83163.27374024395,61.188358246001876,False,False,535.3731887903996,560.3833551625612,-25.01016637216162,False,False,85301.9244110899,83985.3,82668.6755889101,0.03135368715929809,0.6809551744546322,17421.87019302971,20.626922695265446,98.61564412884786,98.4642396176829,False,False,1893.5039899999995,151.99697,0.716191316182158,-0.0012746897230210275,0.02013494112616999,0.2908533798711411
2025-03-15 04:00:00,84462.12,84572.76,84298.92,84463.28,77.07248,1742014799999,6507841.72654770,1957,49.97332000,4219699.79666990,0,84079.188,82826.9622,83672.86949999999,84251.89951571233,83736.25547370082,83214.25437788144,61.204123108496624,False,False,515.6440420115105,551.4354925323511,-35.79145052084061,False,False,85241.96750622713,84079.188,82916.40849377286,0.02765915166133937,0.6651611496173795,16197.010848505632,19.176393396640094,98.66942649979988,98.60777713119766,False,False,1970.5764699999995,148.81883299999998,0.5178946672696997,1.752271441057829e-05,0.019917939939888676,0.3242118942101189
2025-03-15 05:00:00,84463.29,84467.54,83943.04,84302.45,53.87509,1742018399999,4544699.14534050,2466,28.15658000,2374963.48143370,0,84155.0655,82841.3568,83646.7141,84259.67651329504,83778.19580898224,83256.92871600375,58.42677621426123,False,False,481.48070431279484,537.4445348884399,-55.963830575645034,False,False,85157.04329357468,84155.0655,83153.08770642531,0.023812655545367795,0.5735467896320273,15077.545749689234,17.885062355470374,98.53823621126963,98.60776894663911,False,True,1916.7013799999995,144.945075,0.37169313962547534,-0.0019041410657980595,0.020093158245053186,0.622164599012247
2025-03-15 06:00:00,84302.45,84318.53,83943.04,84184.1,64.11531,1742021999999,5400022.70541720,1642,36.44655000,3069655.70764090,0,84212.384,82859.5252,83615.7587,84248.0493574035,83808.26278609467,83293.28837419968,56.398609155278415,False,False,439.7865713088395,517.9129421725198,-78.12637086368034,False,False,85073.37106934181,84212.384,83351.3969306582,0.02044799181416845,0.4835746662132674,14027.398877142998,16.66276515059613,98.40186509719574,98.53650926942174,False,False,1852.5860699999996,142.081204,0.4512582114661696,-0.0014038737901448384,0.020088880066201936,0.44603434615325843
2025-03-15 07:00:00,84184.09,84192.41,83771.41,83828.0,122.84204,1742025599999,10316357.04036830,2432,62.01524000,5208243.48844000,0,84239.5025,82873.2078,83585.23925,84183.42637934143,83809.7248019395,83314.2574575644,50.69623272231322,False,False,373.7015774019237,489.07066921840067,-115.36909181647695,False,False,85011.59880098375,84239.5025,83467.40619901626,0.018330979601493807,0.23351607858003023,13055.513214459166,15.574167598486385,98.0898959169693,98.34333240847822,False,False,1729.7440299999996,141.2060635,0.8699487610884358,-0.004230014931560833,0.020514345627363324,0.5022188290308728
2025-03-15 08:00:00,83826.34,84233.78,83548.65,83891.36,154.94842,1742029199999,12990819.41119000,3156,95.87859000,8039303.60581870,0,84263.04250000001,82885.3096,83576.9908,84138.49309021198,83815.77185364769,83336.88892981678,51.633281059923675,False,False,322.72123656429176,455.80078268757893,-133.07954612328717,False,False,84958.7604370929,84263.04250000001,83567.32456290712,0.016513003007051243,0.2328784553456308,12171.914389279851,14.50913942661062,98.12165294440318,98.20447131952274,False,False,1884.6924499999996,141.2386125,1.0970684096744439,0.0007558333730972588,0.020475505184661857,0.8166872011611264
2025-03-15 09:00:00,83891.38,84155.45,83540.04,83966.96,123.21577,1742032799999,10331186.52883780,2898,79.08269000,6630786.82154310,0,84280.0735,82901.843,83555.86940000001,84112.10338402551,83826.9709755997,83361.59759923574,52.78631242669736,False,False,285.13240842580853,421.6671078352249,-136.53469940941636,False,False,84927.62132279672,84280.0735,83632.52567720327,0.015366569959071645,0.25823136996456,11346.449769098992,13.512993407286617,98.36734722946089,98.19296536361112,True,False,2007.9082199999996,138.112822,0.892138530049006,0.0009011655073896119,0.020359940316119478,0.7329192339463086
2025-03-15 10:00:00,83966.94,85457.0,83540.04,83912.2,93.12649,1742036399999,7810433.12074470,2305,58.34803000,4893378.56988870,0,84302.3525,82920.4118,83538.68405,84081.34901725236,83833.2842366664,83383.18985024611,51.8226162051833,False,False,248.06478058596258,386.94664238537246,-138.88186179940988,False,False,84860.97368695299,84302.3525,83743.731313047,0.013252801858714308,0.1507897398878766,10672.914769721438,12.719145451700037,98.3820128091155,98.29033766099319,False,False,1914.7817299999995,132.457401,0.7030674714808877,-0.0006521612786745123,0.020260494280270477,2.284483066824617
2025-03-15 11:00:00,83912.17,84178.02,83861.85,84131.0,92.79938,1742039999999,7797128.13924340,2072,72.16488000,6063269.09931920,0,84273.40050000002,82934.4096,83524.6141,84088.98762998276,83855.33725617258,83412.51573847176,55.331648152896776,False,False,233.65037381017464,356.2873886703329,-122.63701486015827,False,False,84803.81097653379,84273.40050000002,83742.99002346625,0.012587850339177158,0.36576386939921995,9933.147269983869,11.806762394342,98.23929047933336,98.32955017263657,False,True,2007.5811099999994,126.15082600000001,0.7356224524443462,0.002607487349872928,0.013536157199272035,0.3758067775255236
2025-03-15 12:00:00,84106.96,84279.16,84019.49,84136.53,108.35762,1742043599999,9120082.79162150,2501,71.30897000,6002228.41129570,0,84241.062,82953.6706,83506.70625,84096.30184075465,83876.16634830796,83440.90845461012,55.420026609220194,False,False,220.13549244668684,329.0570094256037,-108.92151697891688,False,False,84719.49628600152,84241.062,83762.62771399849,0.011358695501761759,0.3907561570538497,9242.18459380384,10.98474657060832,97.94346285591477,98.18825538145454,False,False,2115.9387299999994,122.1014465,0.8874392818925368,6.573082454752743e-05,0.013484868121487028,0.30862931951198636
2025-03-15 13:00:00,84136.55,84465.5,84034.73,84459.98,104.7576,1742047199999,8834433.88235230,2600,75.09186000,6332307.89393000,0,84246.775,82983.3802,83487.97445,84152.2523267924,83919.41180398886,83480.87204462542,60.36022481427682,False,False,232.8405228035408,309.81371210119113,-76.97318929765032,False,False,84732.74122444134,84246.775,83760.80877555865,0.011536731808222891,0.7193619528240831,8612.79782522966,10.19748977590293,81.36462736598604,92.51579356707805,False,False,2220.6963299999993,116.4422415,0.8996528978704004,0.003844346801561649,0.013125028405342703,0.5100285365921281
2025-03-15 14:00:00,84460.01,84606.03,84116.2,84150.69,118.12589,1742050799999,9949917.16527220,2808,77.93403000,6564110.93552130,0,84225.10250000001,83017.3884,83467.8313,84152.01196882433,83936.5435222119,83507.13941542442,54.17766587083209,False,False,215.46844661243085,290.9446590034391,-75.47621239100823,False,False,84687.02004575117,84225.10250000001,83763.18495424885,0.01096864312515759,0.4194526158570162,8032.585827548944,9.545478269457973,59.30029949715615,79.53612990635231,False,False,2102.5704399999995,113.0943475,1.0444897787663525,-0.003661971030540112,0.013294213398912708,0.5820867303643045
2025-03-15 15:00:00,84140.18,84425.38,83939.64,84344.95,103.31695,1742054399999,8709441.34439280,3212,66.27210000,5586812.30727080,0,84212.18350000001,83067.8688,83448.05065,84181.69474285135,83966.79585389991,83539.9947324666,57.14662767415202,False,False,214.89888895144395,275.7355049930401,-60.83661604159613,False,False,84644.57417187994,84212.18350000001,83779.79282812009,0.010269076371352517,0.6535260918358251,7493.525402526569,8.884379447170897,40.611176028712244,60.42536763061815,False,False,2205.8873899999994,109.947513,0.9396933789671077,0.0023084778033310993,0.013534053420138994,0.5758969564864349
2025-03-15 16:00:00,84345.71,85457.0,84153.9,84359.99,113.02598,1742057999999,9531608.56364380,2354,76.42417000,6445191.41027560,0,84223.8295,83118.0912,83427.51860000001,84209.12478241269,83995.92134620363,83572.15140962477,57.37688935953239,False,False,213.2034362090635,263.22909123624476,-50.025655027181244,False,False,84658.96128070187,84223.8295,83788.69771929814,0.010332747472658294,0.656458923524699,7051.352152809912,8.358645079035584,38.872485602203774,46.26132037602406,False,False,2318.9133699999993,108.309672,1.0435446614592276,0.00017831535853662928,0.012242881312109469,1.544689609375257
2025-03-15 17:00:00,84360.86,84495.03,84273.44,84422.25,100.02258,1742061599999,8442701.43312200,2041,64.76469000,5466479.87291390,0,84234.6755,83185.8504,83405.0757,84241.91327742612,84027.50124648484,83605.48860924733,58.37400889605425,False,False,214.41203094128286,253.46567917725238,-39.05364823596952,False,False,84678.15584497232,84234.6755,83791.19515502767,0.010529638592181098,0.7114800600821526,6563.5119921952755,7.7746233868385115,43.594545530423396,41.02606905377981,True,False,2418.935949999999,107.45276800000002,0.930851590533247,0.0007380275886708088,0.012231353707442287,0.26247819739464007
2025-03-15 18:00:00,84422.24,84472.27,84150.25,84223.29,82.17748,1742065199999,6928941.60764650,1794,52.30926000,4410289.86669250,0,84221.3115,83254.59899999999,83379.9612,84239.04815782211,84042.0041171156,83629.71611476706,54.02455602036516,False,False,197.04404070650344,242.1813514831026,-45.13731077659915,False,False,84648.96785420133,84221.3115,83793.65514579866,0.01015553775130495,0.5023131890600484,6117.691129803418,7.263657273188234,41.47904320730063,41.315358113309266,False,False,2336.7584699999993,104.207402,0.7885954205057334,-0.0023567246786244667,0.011968123489903101,0.3823407990830138
2025-03-15 19:00:00,84223.29,84320.04,84103.95,84279.7,83.53593,1742068799999,7035036.72414990,1792,56.24885000,4737085.28254140,0,84237.3055,83340.193,83356.81525,84245.30228738794,84059.61121955149,83655.20567889384,55.04725158024998,False,False,185.6910678364511,230.8832947537723,-45.19222691732119,False,False,84648.24711095802,84237.3055,83826.36388904198,0.009756760582946703,0.5515821455767906,5696.148186862201,6.758624184545272,40.08290905044101,41.718832596055016,False,True,2420.2943999999993,102.88686600000001,0.8119202503456562,0.000669767234217522,0.010094346083930129,0.2563962614959433
2025-03-15 20:00:00,84279.68,85457.0,84257.67,84372.85,76.7531,1742072399999,6478035.25874850,1985,50.37614000,4251839.83624820,0,84240.73700000001,83411.3254,83333.3617,84264.92501240518,84082.8140921773,83683.34859344702,56.757816255847715,False,False,182.11092022787489,221.12881984859285,-39.01789962071797,False,False,84654.98916846962,84240.73700000001,83826.4848315304,0.009834960690564973,0.659459636008748,5374.946884193497,6.370469747310298,39.22391007984879,40.26195411253014,False,False,2497.047499999999,100.5566965,0.7632818367297896,0.0011052483575524352,0.009285056738033993,1.4214643691661497
2025-03-15 21:00:00,84373.85,84467.7,84079.84,84368.31,65.80498,1742075999999,5552559.09614250,1652,43.02745000,3630365.59543220,0,84241.4645,83491.8644,83307.7332,84280.83039511208,84103.96193720121,83710.20982507654,56.64468045439384,False,False,176.8684579108667,212.27674746104762,-35.40828955018091,False,False,84656.55831640393,84241.4645,83826.37068359608,0.009854857554237446,0.6527913630452197,5018.726388750744,5.948591821681322,41.74561110647434,40.35081007892138,True,False,2431.2425199999993,98.65731650000001,0.6670055737832682,-5.3808778534891744e-05,0.009267572224183082,0.45972237680238065
2025-03-15 22:00:00,84383.29,84485.02,83900.0,84402.0,82.81037,1742079599999,6988082.96832450,1738,52.70057000,4447110.97304940,0,84233.0845,83572.4252,83278.13275,84299.47187278714,84126.03883074186,83737.33885154413,57.32448334843631,False,False,173.43304204527522,204.50800637789317,-31.074964332617952,False,False,84627.5990458621,84233.0845,83838.5699541379,0.009367211190327414,0.714080192697188,4702.03307220198,5.570997218314708,43.87224216119992,41.613921115841016,False,False,2514.0528899999995,96.4771185,0.85834207413647,0.00039932055057168014,0.008886338881822248,0.693135233762238
2025-03-15 23:00:00,84402.0,84406.97,84270.9,84338.43,54.55224,1742083199999,4600754.82259130,1929,36.48585000,3077107.36061760,0,84226.916,83644.245,83257.682,84305.46543081988,84141.77150994618,83760.91105344436,55.55439507708775,False,False,163.69392087370215,196.34518927705497,-32.651268403352816,False,False,84610.6436432755,84226.916,83843.1883567245,0.009111758129087915,0.6453035791845892,4375.892849826512,5.188492185385135,43.27372506468578,42.96385944412001,False,False,2459.5006499999995,93.761785,0.581817421671313,-0.0007531812042369523,0.008828721682492659,0.16133807565543606
2025-03-16 00:00:00,84338.32,84370.65,84219.1,84252.87,69.7322,1742086799999,5877002.62559680,1836,39.19626000,3303302.78520230,0,84216.3955,83701.3042,83243.20045,84297.37382607836,84150.00102772795,83780.20356115242,53.17448097403921,False,False,147.3727983504068,186.55071109172536,-39.17791274131855,False,False,84584.85895063895,84216.3955,83847.93204936104,0.008750397080078206,0.5494954111957996,4074.154072319628,4.835626456783761,37.04225201942155,41.39607308176908,False,True,2389.7684499999996,93.394771,0.7466392310121944,-0.0010144841444167385,0.008877980223853705,0.17987517813931841
2025-03-16 01:00:00,84253.55,84334.24,83823.27,83869.35,90.27041,1742090399999,7591559.63615920,2126,56.97279000,4791973.16298480,0,84194.7405,83756.4238,83224.55355,84231.52400668169,84129.21206271107,83783.69949993076,44.06248063517844,False,False,102.31194397062063,169.70295766750442,-67.39101369688379,False,False,84590.33701006646,84194.7405,83799.14398993354,0.009397178676890432,0.08873436478834547,3819.640922323603,4.554275098499753,22.994117021481554,34.436698035196294,False,False,2299.4980399999995,95.214537,0.9480738219627114,-0.0045520111065651125,0.009785682933665404,0.6092452129413202
2025-03-16 02:00:00,83869.32,84150.58,83500.0,83967.71,115.06267,1742093999999,9659185.19877610,2428,75.92590000,6374254.01375540,0,84183.921,83805.758,83201.5325,84190.93723642296,84117.2489469547,83790.9155979727,46.59029864668201,False,False,73.68828946826397,150.50002402765634,-76.81173455939236,False,False,84591.73747587336,84183.921,83776.10452412664,0.00968870233244094,0.23491630084713022,3593.27942624233,4.279358608496444,17.077643472712467,25.704670837871856,False,False,2414.5607099999993,97.761905,1.1769683702460585,0.0011727764672075924,0.009806520462413787,0.7747978359776654
2025-03-16 03:00:00,83967.71,84358.66,83500.0,84340.65,93.2299,1742097599999,7844149.87547630,2082,69.75644000,5868978.50743650,0,84209.5535,83860.6844,83184.57065000001,84213.96996928097,84133.7971731062,83812.4738098169,54.91032716519668,False,False,80.17279617476743,136.43457845707857,-56.261782282311145,False,False,84588.05451982527,84209.5535,83831.05248017472,0.00898950306927518,0.6731785294271045,3397.9494659192733,4.028839552362086,23.225310135358985,21.099023543184334,True,False,2507.790609999999,96.28129799999999,0.9683074692241894,0.004441469226682315,0.00982078203742102,1.0180855850648574
2025-03-16 04:00:00,84346.09,85539.9,84183.35,84406.74,71.01522,1742101199999,5990816.43933590,1663,49.41086000,4168658.91350640,0,84235.3225,83905.8652,83170.1233,84243.62689708389,84154.01516028352,83835.77836629467,56.21211469199646,False,False,89.61173680036154,127.07001012573517,-37.458273325373625,False,False,84593.28051294673,84235.3225,83877.36448705326,0.00849900023702612,0.7394379980334697,3252.1352174484914,3.8529330921304283,37.10186968413148,25.801607764067644,False,False,2578.8058299999993,92.084638,0.7711950825065957,0.0007836079043737065,0.0098221568483321,1.6071583856928822
2025-03-16 05:00:00,84406.92,84417.6,83612.11,84343.26,61.9399,1742104799999,5225297.87994830,1294,42.01618000,3544543.40107560,0,84254.1375,83955.4856,83160.2924,84258.95506676329,84168.03329655882,83855.67960683214,54.582072326597206,False,False,90.9217702044698,119.8403621414821,-28.91859193701231,False,False,84592.72919604817,84254.1375,83915.54580395183,0.008037390354821922,0.6316076280667536,3077.3748437662875,3.6486316082236896,42.91485807718704,34.414012632225834,False,False,2516.8659299999995,89.0208445,0.6957909728659113,-0.0007520726425402913,0.009856238219640177,0.9550140698853771
2025-03-16 06:00:00,84350.64,84394.07,84228.0,84228.0,42.48652,1742108399999,3582666.33329800,1312,24.18746000,2039589.86184920,0,84269.92749999999,84001.0594,83147.56055000001,84254.1927487997,84172.4752745915,83870.28040656421,51.653250161761555,False,False,81.71747420819884,112.21578455482546,-30.498310346626624,False,False,84570.5924684163,84269.92749999999,83969.26253158368,0.0071357595131742125,0.4302753822288732,2869.42449666998,3.406734692346939,40.49218098926429,40.169636250194266,False,False,2474.3794099999996,86.488846,0.49123698563396256,-0.0013665585133891822,0.009948688676399522,0.1971672128033516
2025-03-16 07:00:00,84228.03,84368.73,83999.66,84255.79,94.09122,1742111999999,7922120.34454460,2374,60.64099000,5104838.80939430,0,84276.16699999999,84043.58140000001,83134.83075000001,84254.43847975359,84178.64673573287,83885.3984298362,52.31759829505983,False,False,75.79174402072385,104.93097644800514,-29.139232427281286,False,False,84570.1457433162,84276.16699999999,83982.18825668377,0.0069765570452726645,0.4653427323177666,2690.827746020222,3.1936413462151645,38.02555680834019,40.47753195826384,False,True,2568.4706299999993,86.553438,1.087088187068895,0.00032993778790890715,0.009621490150700771,0.438035178353906
2025-03-16 08:00:00,84252.78,84330.28,84145.37,84286.94,68.04594,1742115599999,5732150.43170310,1628,43.88136000,3696490.47727140,0,84283.6875,84088.4418,83122.25605000001,84259.43871363766,84186.66845901191,83901.14515807792,53.09562759504133,False,False,72.77025462574966,98.49883208355405,-25.72857745780439,False,False,84570.60348594846,84283.6875,83996.77151405154,0.0068083396552497625,0.5056680355213573,2511.8336204784437,2.9800982459185774,37.1052502573656,38.54099601832336,False,False,2636.5165699999993,84.537854,0.8049168127688693,0.00036970752989207156,0.009625939121051186,0.21938155543433357
2025-03-16 09:00:00,84286.94,84286.94,83801.01,83875.52,99.64378,1742119199999,8370150.19884350,2066,56.28063000,4726508.94342940,0,84254.4645,84121.42300000001,83111.19555,84200.37429615494,84163.62042501103,83900.14024991801,43.09407495150228,False,False,36.753871143911965,86.14983989562565,-49.39596875171368,False,False,84580.05501057544,84254.4645,83928.87398942457,0.007728742031834657,-0.08193418986669274,2367.126218395582,2.822189619087407,31.34549079203238,35.49209928591272,False,False,2536.8727899999994,84.282163,1.1822641523806172,-0.0048811832533011135,0.009992782178328757,0.5793466317705185
2025-03-16 10:00:00,83875.52,84060.56,83500.0,83668.68,117.80885,1742122799999,9876651.73859940,2500,69.53220000,5827904.87698630,0,84230.36399999999,84143.08619999999,83098.5144,84118.57517366957,84126.9581713065,83891.06337737221,39.105811973666675,False,False,-8.382997636930668,67.2432723891144,-75.62627002604506,False,False,84642.86940710852,84230.36399999999,83817.85859289145,0.009794696057790571,-0.18082016662173322,2238.085773710989,2.674938547746886,21.751719855548526,30.067486968315503,False,False,2419.0639399999995,84.266311,1.3980539625141535,-0.002466035381956666,0.009640230106993714,0.6699759097430457
2025-03-16 11:00:00,83666.98,83750.65,82409.76,82411.85,180.85041,1742126399999,14979040.17297750,5017,114.19290000,9457131.13901730,0,84133.709,84135.6252,83080.7579,83856.00207002809,83999.91312158009,83833.05500963212,24.355737735871017,False,True,-143.91105155200057,25.0124076008914,-168.92345915289198,False,False,85023.40816160112,84133.709,83244.00983839888,0.021149647915822228,-0.46766360715755984,2174.0003610662666,2.637970584407784,8.91484949962697,20.670686715735958,False,False,2238.2135299999995,88.142984,2.0517845186634482,-0.015021511036148572,0.01728128200907401,1.6270597007590526
2025-03-16 12:00:00,82411.85,82869.68,82402.93,82768.83,168.09287,1742129999999,13891257.07114730,3624,104.85287000,8664592.90709150,0,84054.151,84130.24720000001,83062.40205,83688.7448284853,83908.72177924082,83791.3206955289,32.18031198380554,False,False,-219.97695075551746,-23.98546407039037,-195.9914866851271,False,False,85116.49982003687,84054.151,82991.80217996312,0.025277724119463746,-0.10494301671807908,2052.053906285985,2.479259289138175,6.666641573398557,12.444403642858019,False,False,2406.3063999999995,90.89632850000001,1.8492811841129533,0.004331658614628697,0.018097526052508014,0.5639200167502669
2025-03-16 13:00:00,82769.81,83108.46,82505.33,82598.78,173.24376,1742133599999,14352851.38115930,3944,108.49312000,8987076.89183010,0,83962.97750000001,84116.51019999999,83044.00034999999,83521.05793179527,83811.68905485261,83744.55439374346,30.558735143337874,False,False,-290.6311230573483,-77.31459586778196,-213.31652718956633,False,False,85184.39313842647,83962.97750000001,82741.56186157354,0.029094147796901657,-0.058449334150285345,1948.55934122154,2.3590655227856154,5.991392547618397,7.190961206881308,False,False,2233.0626399999996,94.5573875,1.8321546796118917,-0.002054517382932719,0.01803971194305563,0.7301923829867761
2025-03-16 14:00:00,82597.8,83347.56,82571.59,83344.44,178.18934,1742137199999,14769032.55983520,4241,120.96535000,10025383.24340190,0,83919.035,84114.98779999999,83028.3976,83493.8859422883,83777.07801375241,83728.8636332045,43.90650417847918,False,False,-283.19207146411645,-118.49009098704886,-164.7019804770676,False,False,85162.85878045192,83919.035,82675.21121954809,0.02964342429466487,0.26902073708896496,1864.8029594579298,2.237465341968738,15.97358810146971,9.54387407416222,True,False,2411.2519799999995,99.35798050000001,1.793407425385422,0.009027494110687817,0.020603758611672067,0.9310399110006632
2025-03-16 15:00:00,83344.44,83494.67,83003.68,83325.37,181.08088,1742140799999,15073615.15386470,4605,118.22563000,9840577.83245480,0,83871.3185,84108.9684,83014.1327,83467.96041270549,83743.61816088186,83713.04035347099,43.67528633243046,False,False,-275.657748176367,-149.9236224249125,-125.73412575145451,False,False,85129.27792594691,83871.3185,82613.35907405308,0.02999736855089302,0.2830023414352011,1766.673462084221,2.120210761841467,21.88736264612048,14.617447765069528,False,False,2230.1710999999996,104.235228,1.7372330206827964,-0.0002288095042694005,0.020568969706339407,0.5892443081860966
2025-03-16 16:00:00,83318.19,84632.14,83241.28,83612.13,214.54267,1742144399999,18023450.05886250,4842,145.86408000,12252544.07296950,0,83833.2825,84111.8786,83001.74775000001,83490.14034921234,83733.87829711284,83709.08308470742,48.101194657281376,False,False,-243.73794790050306,-168.68648752003062,-75.05146038047243,False,False,85074.17086514519,83833.2825,82592.39413485481,0.029603716522615956,0.4108894457342581,1739.8296432954444,2.08083401690095,32.655184248919845,23.50537833217001,False,False,2444.7137699999994,111.1247065,1.9306477988313064,0.0034414488648535357,0.02089799929142106,1.663466772105914
2025-03-16 17:00:00,83612.13,84076.63,83485.03,83922.77,195.83167,1742147999999,16404763.19255750,4993,137.19555000,11492773.83137740,0,83811.0055,84096.1332,82991.71764999999,83556.69875702584,83747.87027510448,83717.46296373851,52.459251823813496,False,False,-191.17151807864138,-173.1834936317528,-17.988024446888573,False,False,85028.44937682418,83811.0055,82593.56162317582,0.029052124349568425,0.5459012945596938,1657.813240008643,1.975403385766036,38.800498570276666,31.114348488438992,False,False,2640.5454399999994,117.62604100000001,1.6648666259200204,0.0037152504068489467,0.021307630179093432,0.7049338338093533
2025-03-16 18:00:00,83923.04,84074.74,83642.02,83685.57,150.98374,1742151599999,12662922.05501470,3775,101.65634000,8524605.31307560,0,83775.18400000001,84074.1786,82979.43845,83576.52510209878,83743.25543991156,83716.21225927817,49.07080455878897,False,False,-166.73033781278355,-171.892862467959,5.162524655175446,True,False,84962.75664489112,83775.18400000001,82587.6113551089,0.028351418360146253,0.46227009758707527,1570.3065798155567,1.876436498927541,48.17797416327047,39.87788566082232,False,False,2489.5616999999993,121.0347095,1.2474416687884065,-0.0028264081369095972,0.02144724942565024,0.5170783923680046
2025-03-16 19:00:00,83691.31,84389.98,17522.9,83096.37,163.54769,1742155199999,13472777.02673010,4487,103.20390000,8585367.61472300,0,83713.08099999999,84049.1916,82965.1823,83502.65508639127,83695.33799991812,83691.90471969864,41.84118631780165,False,False,-192.682913526849,-176.05087267973698,-16.632040847112023,False,True,84906.23234600504,83713.08099999999,82519.92965399494,0.02850573247937317,0.24156212367153196,6234.361833640191,7.502568203208145,67.89956971741485,51.62601415032066,False,False,2326.0140099999994,126.484482,1.2930257325954024,-0.007040640339786353,0.02244973959780433,80.46931532628922
2025-03-16 20:00:00,83102.32,83414.82,82663.66,83216.99,162.48793,1742158799999,13512352.63866080,3794,110.99699000,9230216.00172190,0,83661.287,84021.8486,82950.2272,83458.70661156185,83659.904814739,83673.28061304378,43.67083117252006,False,False,-201.19820317714766,-181.08033877921912,-20.117864397928543,False,False,84846.11883780723,83661.287,82476.45516219277,0.028324494644870312,0.312506304345158,5842.7045590659745,7.021047695988493,84.38022777956861,66.81925722008465,False,False,2488.501939999999,131.1222685,1.2392092652057802,0.0014515676196205085,0.022552004326502246,0.9026522108045526
2025-03-16 21:00:00,83216.99,83224.31,82581.79,82763.74,120.80741,1742162399999,10012727.97281860,2912,76.80601000,6366023.00789230,0,83606.00649999999,83985.05679999999,82932.41105,83351.78867132157,83593.52223586944,83637.61235370874,38.739054035295986,False,False,-241.73356454787427,-193.21098393295014,-48.522580614924124,False,False,84848.60974730327,83606.00649999999,82363.4032526967,0.029725214714167288,0.16108792093217067,5471.262804192857,6.610700294830631,97.6062312730706,83.29534292335136,False,False,2367.6945299999993,132.64911850000001,0.910729082606003,-0.0054466041129341836,0.022733773898857754,0.7763303108341939
2025-03-16 22:00:00,82763.74,82829.94,82090.43,82090.9,182.702,1742165999999,15057931.68702750,3874,120.90587000,9965936.06435280,0,83512.166,83944.3334,82911.06405,83157.80579881056,83482.2168850643,83576.95696728879,32.814722043045236,False,False,-324.4110862537491,-219.45100439710995,-104.96008185663914,False,False,84905.64449977444,83512.166,82118.68750022555,0.033371868232334984,-0.009970552193685932,5133.280460483544,6.253166258968465,97.1068117197175,93.03109025745225,False,False,2184.9925299999995,136.03108500000002,1.3430900738606912,-0.008129647113579108,0.023825263849339893,0.9008428461620098
2025-03-16 23:00:00,82090.7,82625.48,81987.79,82579.75,178.46945,1742169599999,14694033.23528420,3815,121.43835000,9998454.61980840,0,83424.12100000001,83911.82179999999,82892.133,83068.87413745509,83415.36748617067,83537.85081170883,39.99477940327731,False,False,-346.4933487155795,-244.8594732608039,-101.63387545477559,False,False,84819.60565165104,83424.12100000001,82028.63634834898,0.0334551838226987,0.19746317202377714,4812.1668556757,5.827296468778,96.79029296114813,97.16777865131208,False,True,2363.4619799999996,140.2930625,1.2721188547723092,0.005954984048170964,0.024241333378325267,0.7722111050227233
2025-03-17 00:00:00,82579.75,85987.2,17521.0,83052.91,152.32135,1742173199999,12570853.02843370,3731,100.29513000,8313527.71823030,0,83356.4295,83883.0686,82876.84125,83066.41811630815,83388.51878349135,83518.83352497515,46.0091607422039,False,False,-322.10066718320013,-260.30771204528315,-61.79295513791698,False,False,84684.39800782561,83356.4295,82028.46099217438,0.031862413392493384,0.38572036979364416,9358.883515252486,11.268579891123002,96.28974882837797,96.72895116974787,False,False,2515.7833299999998,144.358369,1.055161200941526,0.005729733984421115,0.025121699498696002,82.43684658370188
2025-03-17 01:00:00,83052.92,83356.32,82825.55,83220.05,156.76739,1742176799999,13026671.66799070,3818,104.84039000,8709197.15342300,0,83300.269,83868.2732,82863.18135,83090.05379072229,83376.03961434384,83507.11652399573,47.99218308058126,False,False,-285.9858236215514,-265.4433343605368,-20.542489261014566,False,False,84549.20348074492,83300.269,82051.33451925508,0.029986325272129032,0.4678850247003546,8728.303977623142,10.48822246276365,96.20477955189348,96.42827378047319,False,False,2672.5507199999997,149.0997435,1.0514262890063255,0.002012452062185366,0.02527807792130876,0.6377910131032174
2025-03-17 02:00:00,83220.05,85612.87,17521.0,83253.49,128.7627,1742180399999,10678994.12903930,3643,80.15574000,6668460.06710880,0,83251.5435,83847.2586,82849.11825,83115.19782291885,83366.96186513318,83497.17038579982,48.40052443976828,False,False,-251.7640422143304,-262.70747593129556,10.94343371696516,True,False,84425.69908299936,83251.5435,82077.38791700064,0.0282074189531239,0.5008288935589921,12968.558698662271,15.577195260717925,95.89327775359716,96.12926871128953,False,False,2801.3134199999995,153.41355249999998,0.8393176346007633,0.0004018262425942165,0.02528752467277901,81.78860730042668
2025-03-17 03:00:00,83250.46,85511.29,83226.63,83680.44,128.39694,1742183999999,10719196.01063230,2856,82.14301000,6857630.01976790,0,83222.776,83833.7922,82836.35285,83202.15815785441,83390.18246771592,83504.35742949395,53.42826224810326,False,False,-188.02430986150284,-247.77084271733702,59.746532855834175,False,False,84322.96657069835,83222.776,82122.58542930165,0.0264396508642863,0.7079930569253559,12205.423076467743,14.585753942579343,96.19879590221161,96.09895106923409,True,False,2929.7103599999996,155.1288385,0.8276793743930468,0.005128313539768614,0.025914062441982917,2.730219869780786
2025-03-17 04:00:00,83680.44,83865.05,83521.09,83603.77,110.73236,1742187599999,9270081.47509320,2628,69.12085000,5785810.82812960,0,83188.61750000001,83814.47559999999,82822.944,83263.94459510758,83406.00376640364,83508.25596167066,52.44010956751712,False,False,-142.0591712960595,-226.62850843308152,84.56933713702202,False,False,84192.75611652293,83188.61750000001,82184.47888347709,0.024141250250322276,0.7067207122446727,11358.175712974762,13.585721927342226,96.3856131443934,96.15922893340074,False,False,2818.9779999999996,157.2631595,0.7041214252089346,-0.0009162236718640582,0.02590959932978782,0.41141685357012775
2025-03-17 05:00:00,83603.78,83666.66,83117.31,83132.76,107.89988,1742191199999,8987748.13185880,2883,64.11590000,5340217.84455910,0,83151.4795,83787.89480000001,82807.46695,83243.7623497064,83385.76348741078,83493.53062984043,46.723040385906096,False,False,-142.0011377043702,-209.70303428733928,67.70189658296908,False,False,84104.91247623721,83151.4795,82198.0465237628,0.02293243564565095,0.4901831064864757,10586.116732725048,12.733989263348224,96.32683474960395,96.30374793206965,False,False,2711.0781199999997,157.67596450000002,0.6843140636060607,-0.005633836847309781,0.0260574158713743,0.6608104915559232
2025-03-17 06:00:00,83130.0,83398.66,82643.77,83233.28,134.28955,1742194799999,11155797.81419120,3603,86.78785000,7209535.57251850,0,83129.70950000001,83763.2948,82791.88335,83242.1496805208,83374.46841426923,83483.32472278787,48.02533308998728,False,False,-132.3187337484269,-194.2261741795568,61.90744043112991,False,False,84054.35954271701,83129.70950000001,82205.05945728302,0.022245958713881846,0.5560052426405859,9883.886251181395,11.874921006575008,96.10913122095282,96.2738597049834,False,True,2845.3676699999996,158.4999995,0.847252684060734,0.001209150279624982,0.026014050698270768,0.9069569287669541
2025-03-17 07:00:00,83235.57,83635.73,82978.47,83586.68,149.86659,1742198399999,12497486.59533240,3812,102.08723000,8513253.84442060,0,83188.451,83748.97940000001,82778.87395,83295.15434505607,83390.18779099002,83487.37787091384,52.42803251333026,False,False,-95.03344593395013,-174.38762853043548,79.35418259648534,False,False,84071.55654376787,83188.451,82305.34545623213,0.021231445787297406,0.7254707847834934,9224.841518401014,11.036257832469259,96.10081081370565,96.17892559475415,False,False,2995.2342599999997,156.9508085,0.9548634469124128,0.004245897794728171,0.02117954766848987,0.786321456959404
2025-03-17 08:00:00,83586.67,83653.22,17511.0,83549.36,141.31029,1742201999999,11754163.89899500,3174,89.28675000,7453540.68488260,0,83227.47750000001,83736.2846,82764.54015,83334.26290735514,83401.97832499075,83489.80854264271,51.927782769839055,False,False,-67.71541763561254,-153.0531863514709,85.33776871585837,False,False,84101.9017878332,83227.47750000001,82353.05321216682,0.021012874932637145,0.6840539566882421,13290.368555969422,15.907205699683901,96.30380928241284,96.17125043902377,True,False,2853.92397,155.61167949999998,0.9080956548637471,-0.00044648262139368455,0.0208580867009871,79.16544184180465
2025-03-17 09:00:00,83547.46,83779.33,17511.0,83636.98,130.43403,1742205599999,10895539.97561690,2980,83.76568000,7002653.12450580,0,83279.3875,83732.4642,82751.73315,83380.83476776203,83419.38585647292,83495.579972343,53.06021114622881,False,False,-38.55108871088305,-130.15276682335335,91.6016781124703,False,False,84121.00831304622,83279.3875,82437.76668695378,0.020211983740783836,0.7124427619046781,17074.508661852986,20.41502295019857,96.50052105019479,96.30171371543777,False,False,2984.3579999999997,153.471193,0.8498925918950797,0.001048721378595685,0.020691379345615993,79.23328891119694
2025-03-17 10:00:00,83634.63,83668.46,83266.16,83349.72,125.90479,1742209199999,10503540.94413710,3126,84.87974000,7081064.17676040,0,83279.6515,83721.6314,82738.43655,83376.04788041403,83414.2254226601,83489.85997342759,48.98598591639764,False,False,-38.17754224607779,-111.75772190789824,73.58017966182045,False,False,84121.35707841124,83279.6515,82437.94592158878,0.020213955348053557,0.5416229271833106,15883.636613777515,19.056616643436254,96.38534264459769,96.39655765906843,False,True,2858.4532099999997,150.8569655,0.8345971270381943,-0.003434605123236123,0.019059099075909077,0.48266508873695424
2025-03-17 11:00:00,83351.93,83649.93,83197.1,83519.21,108.9661,1742212799999,9095871.45392710,2581,65.04927000,5430006.91916320,0,83289.3435,83712.67640000001,82725.45415,83398.0728218888,83422.00205801862,83491.0109548618,51.35916592034366,False,False,-23.929236129828496,-94.1920247522843,70.2627886224558,False,False,84137.37189575605,83289.3435,82441.31510424396,0.020363430905324543,0.6355299546279166,14781.436140677068,17.698247074747314,96.37066601242476,96.41884323573909,False,False,2967.4193099999998,147.2512265,0.7400013065425978,0.0020334801364660926,0.019163017412876848,0.5421866418516017
2025-03-17 12:00:00,83522.63,83941.25,17511.0,83090.16,164.25686,1742216399999,13668191.32227230,4114,108.55246000,9044093.70780900,0,83263.245,83696.2356,82710.57895000001,83350.7016185213,83397.42116483205,83475.2913095731,45.578832510157014,False,False,-46.71954631074914,-84.69752906397726,37.97798275322812,False,False,84102.00850756191,83263.245,82424.48149243808,0.02014726924375619,0.39682133376122436,18470.63713276631,22.229632405048093,96.10448107030862,96.28682990911035,False,False,2803.16245,144.736936,1.1348648419640444,-0.00513714150313449,0.0195170768121446,79.94959932680355
2025-03-17 13:00:00,83090.0,83635.98,17511.0,83032.22,219.9129,1742219999999,18276713.77980740,5276,146.48735000,12180540.16968340,0,83218.7175,83674.26,82695.5534,83301.7044464411,83370.36922669635,83457.91596409965,44.844821632337,False,False,-68.66478025524702,-81.49097930223121,12.826199046984186,False,False,84005.65669307185,83218.7175,82431.77830692814,0.018912552769678424,0.38150450400621455,21874.518767971553,26.344615099983535,95.94992615439135,96.14169107904156,False,False,2583.24955,145.9409975,1.5068617027919107,-0.0006973148204312274,0.01905386175835207,79.63773580906303
2025-03-17 14:00:00,83032.22,83291.41,17511.0,82948.69,206.25444,1742223599999,17057643.32923500,4997,136.13785000,11284114.41048240,0,83181.8735,83650.5032,82680.74925,83247.39453160402,83339.13372842254,83437.9463184487,43.75092763548475,False,False,-91.73919681852567,-83.5406228054901,-8.198574013035568,False,True,83946.61926889878,83181.8735,82417.12773110122,0.01838731773452489,0.3475418175011417,25010.653857540416,30.151957622887615,95.84729488438661,95.9672340363622,False,False,2376.99511,148.70453249999997,1.3870084289461724,-0.001005995022173356,0.018908784710515558,79.30253027504111
2025-03-17 15:00:00,82942.14,83762.84,82737.83,83525.41,214.87025,1742227199999,17901452.03965000,4683,133.97125000,11160312.74467570,0,83203.3255,83631.81180000001,82668.35154999999,83290.16614212647,83352.93197076161,83441.37626674483,52.38665370042034,False,False,-62.76582863513613,-79.38566397141932,16.619835336283188,True,False,83981.23078568495,83203.3255,82425.42021431506,0.018698898896413577,0.7070203827683226,23297.393581207005,27.89258212705212,96.23580263291863,96.01100789056552,True,False,2591.86536,151.2706605,1.4204357228941962,0.006952731863517192,0.018939786438435118,1.2271834403446744
2025-03-17 16:00:00,83526.59,83841.17,83126.99,83447.2,196.98351,1742230799999,16452401.74706140,4579,120.19101000,10039424.52173950,0,83214.836,83617.742,82656.3711,83314.32519718393,83359.91478774222,83441.60464844112,51.237822777558236,False,False,-45.589590558287455,-72.62644928879295,27.0368587305055,False,False,83999.98839138245,83214.836,82429.68360861755,0.018870490626994675,0.6479738217385218,21684.306896140188,25.98566146753898,96.6624443777833,96.24851396502952,False,False,2394.8818499999998,152.9954395,1.2875122986917529,-0.0009363617610498309,0.018932983428666717,0.8558465712450424
2025-03-17 17:00:00,83447.2,83735.72,83209.21,83719.6,28.79717,1742234399999,2406099.62168160,622,19.25178000,1608930.45801800,0,83262.629,83605.235,82647.34345,83376.67516684794,83386.55813679835,83452.50642693363,54.94393226826402,False,False,-9.882969950413099,-60.07775342111699,50.19478347070389,False,False,84048.49629999,83262.629,82476.76170001,0.018876831285017458,0.7907431063780229,20173.035688668508,24.095953263833685,97.85524202156971,96.91782967742388,False,False,2423.6790199999996,148.3949275,0.1940576439177815,0.0032643396063620767,0.01821440637854212,0.6288969369179914
